{
	"a": {
		"a": 0.0000014175233208361955,
		"b": 0.005201165643001813,
		"c": 0.008954539496598014,
		"d": 0.007759258464173111,
		"e": 0.00004764792253771855,
		"f": 0.001547070911701219,
		"g": 0.004184172156217537,
		"h": 0.00004570232456325258,
		"i": 0.006922932378331933,
		"j": 0.00022956117552568714,
		"k": 0.0021386390994983444,
		"l": 0.02178321088963215,
		"m": 0.004545035231788629,
		"n": 0.04499456230550793,
		"o": 0.00004243062712962705,
		"p": 0.0037693828877095647,
		"q": 0.000027759754584551907,
		"r": 0.02146588434528123,
		"s": 0.01980487478677395,
		"t": 0.032701423032912125,
		"u": 0.0019273014108104646,
		"v": 0.004706139138076959,
		"w": 0.00118328578317443,
		"x": 0.0004244800307790654,
		"y": 0.004726680248931997,
		"z": 0.00013337840554166435
	},
	"b": {
		"a": 0.002722445393212862,
		"b": 0.00011110692755214574,
		"c": 0.000018487539480321277,
		"d": 0.000044094013230002165,
		"e": 0.013685936918008318,
		"f": 0.0000013466384645534502,
		"g": 0.0000026266334587175894,
		"h": 0.000004187915651855157,
		"i": 0.0019051111421036035,
		"j": 0.0004253745581131223,
		"k": 1.732290367523973e-8,
		"l": 0.005175351619653036,
		"m": 0.000054446556772484095,
		"n": 0.000018511483999776112,
		"o": 0.0037270167016538874,
		"p": 0.0000029253937450057446,
		"r": 0.0015084064438539964,
		"s": 0.0008737300391128545,
		"t": 0.00030945394419735844,
		"u": 0.003483878835205636,
		"v": 0.00007469363959523673,
		"w": 0.0000026791853611317516,
		"y": 0.005232807321550585
	},
	"c": {
		"a": 0.009542533715376994,
		"c": 0.0017256529407187473,
		"d": 0.0000028631621337954314,
		"e": 0.013451167713738957,
		"h": 0.010846014968264095,
		"i": 0.005036359147089904,
		"k": 0.0020906880263042173,
		"l": 0.00271773373792685,
		"m": 3.3147639252577393e-7,
		"n": 0.000003769821289971486,
		"o": 0.015435185829536317,
		"q": 0.00012864747214506089,
		"r": 0.002871275959513615,
		"s": 0.0002338960893800382,
		"t": 0.009886856859217957,
		"u": 0.0031681730412013226,
		"y": 0.0009192846272530384,
		"z": 0.000001412595445146065
	},
	"d": {
		"a": 0.0029239587717277294,
		"b": 0.000035641990158400455,
		"c": 0.00002278130888985673,
		"d": 0.0007581540478428619,
		"e": 0.015188064183767036,
		"f": 0.00003763993618555238,
		"g": 0.0005837129599034475,
		"h": 0.00004075557654033975,
		"i": 0.009563703649234308,
		"j": 0.00011337399080778192,
		"k": 0.000004164835253151152,
		"l": 0.0006395624032188275,
		"m": 0.0003246595713102647,
		"n": 0.00009715964999689537,
		"o": 0.0036167689076522106,
		"p": 0.000017305193343778793,
		"q": 0.000015899372078916558,
		"r": 0.0013114475412415354,
		"s": 0.001042208337366352,
		"t": 0.000045379034705834933,
		"u": 0.002993484439254798,
		"v": 0.00039892913391676555,
		"w": 0.00008327603608663153,
		"y": 0.0010846921378004576,
		"z": 1.2136681190768454e-7
	},
	"e": {
		"a": 0.014461587468335643,
		"b": 0.00039667055563835527,
		"c": 0.010673185710765278,
		"d": 0.020441141888324382,
		"e": 0.0082867518154873,
		"f": 0.0036224152224511056,
		"g": 0.0021436147007062264,
		"h": 0.0004588351548046846,
		"i": 0.0040197885973810715,
		"j": 0.00008180293531749412,
		"k": 0.0002423505051738059,
		"l": 0.010204836270917117,
		"m": 0.006895108073642087,
		"n": 0.028335134676973475,
		"o": 0.0012551251973276197,
		"p": 0.003289452337446039,
		"q": 0.0013954083768787568,
		"r": 0.04087153136606059,
		"s": 0.015584517124847583,
		"t": 0.007924554426665235,
		"u": 0.0002337744684463671,
		"v": 0.005060956459379051,
		"w": 0.0017619216468673926,
		"x": 0.004178792069767953,
		"y": 0.0025780440941305964,
		"z": 0.00003537453122630755
	},
	"f": {
		"a": 0.0032083436394510726,
		"b": 4.796146467390051e-7,
		"c": 0.0000011447769944245098,
		"d": 5.338903914688511e-7,
		"e": 0.004575451195109288,
		"f": 0.0031481662707465836,
		"g": 8.345933199903087e-8,
		"h": 7.971736103528111e-7,
		"i": 0.006082293850595424,
		"j": 3.514257674756284e-7,
		"l": 0.001151332150481034,
		"n": 0.0000063347261960773394,
		"o": 0.012380870289478124,
		"p": 5.103242840923857e-7,
		"r": 0.004754444847952423,
		"s": 0.000029384807275969354,
		"t": 0.0017200508763965307,
		"u": 0.002308334754945505,
		"w": 0.000003881411172424742,
		"y": 0.00021448889915268767
	},
	"g": {
		"a": 0.002531047280910783,
		"b": 0.000002613516440022871,
		"c": 4.027825575678827e-8,
		"d": 0.00002446842894866574,
		"e": 0.007146244188027649,
		"f": 0.00001842163441743286,
		"g": 0.0003382395334348341,
		"h": 0.004566132568136474,
		"i": 0.0028453067851045306,
		"j": 6.70508266035589e-8,
		"l": 0.0008707250257515528,
		"m": 0.00019425368639213532,
		"n": 0.0013599914953147298,
		"o": 0.0019344668667547796,
		"p": 0.0000013821414926611944,
		"r": 0.003777426817914145,
		"s": 0.0005620772446149785,
		"t": 0.0002450219222625518,
		"u": 0.001158495352047354,
		"w": 0.0000021769267133122723,
		"y": 0.00045377764226366775,
		"z": 8.839703818432079e-7
	},
	"h": {
		"a": 0.021381550199858823,
		"b": 0.00004083894899340429,
		"c": 0.000009366984444068915,
		"d": 0.0000489160539607742,
		"e": 0.07292595892791905,
		"f": 0.00004379046698348381,
		"g": 6.979177343941352e-7,
		"h": 0.000009000011441453552,
		"i": 0.016088000509262422,
		"k": 8.686862363514587e-8,
		"l": 0.0002455508460776724,
		"m": 0.00017773345480468479,
		"n": 0.00024628548600422,
		"o": 0.00862992294021285,
		"p": 0.0000059394335129053984,
		"q": 0.000006783075523431178,
		"r": 0.0015832206989432704,
		"s": 0.000023628536989471523,
		"t": 0.002490268375493864,
		"u": 0.0010071385385063084,
		"w": 0.00008902200628930208,
		"y": 0.0008323897594277947,
		"z": 4.160677198915845e-8
	},
	"i": {
		"a": 0.004135184290484227,
		"b": 0.0018768357248018458,
		"c": 0.014108576208885597,
		"d": 0.006652768519139828,
		"e": 0.004515863665643169,
		"f": 0.004182736321204933,
		"g": 0.005025426152275801,
		"h": 0.000020402820880430503,
		"i": 0.0000015744618648585173,
		"j": 0.0000036987190382615537,
		"k": 0.000893713005621343,
		"l": 0.008575648612897491,
		"m": 0.006771428981711899,
		"n": 0.052487829943796555,
		"o": 0.01783339839749002,
		"p": 0.0016230590911387901,
		"q": 0.00018570882737976976,
		"r": 0.006642999864552617,
		"s": 0.02356024768488627,
		"t": 0.023729154170193695,
		"u": 0.00029838476694685006,
		"v": 0.005736823590790045,
		"w": 0.0000020148319838443117,
		"x": 0.0004830649389773881,
		"y": 9.576956867518898e-8,
		"z": 0.0011681060954975057
	},
	"j": {
		"a": 0.0000883359909857798,
		"e": 0.0007013416947700839,
		"i": 0.000005531084474824783,
		"j": 9.43224291135183e-8,
		"o": 0.0006224838095852041,
		"u": 0.0011413371383722686
	},
	"k": {
		"a": 0.00013894844972966983,
		"b": 0.000008807485518276305,
		"c": 0.000002558035770325525,
		"d": 0.000012994293646619683,
		"e": 0.0036086820603695897,
		"f": 0.000023868131856477196,
		"g": 0.00003741667101334247,
		"h": 0.00000802261203583321,
		"i": 0.0017020032430373896,
		"j": 2.9572125386620093e-7,
		"k": 0.000002798068175663215,
		"l": 0.00016175459798407007,
		"m": 0.000012009263888906168,
		"n": 0.0010171285590629064,
		"o": 0.000015229431239915447,
		"p": 0.000013077741165409567,
		"r": 0.000021391233727666194,
		"s": 0.0002362004686667416,
		"t": 0.000010048052804441925,
		"u": 0.00001795933514032891,
		"v": 9.730327885101897e-9,
		"w": 0.00003546427267927213,
		"y": 0.00007293113379065416
	},
	"l": {
		"a": 0.009615569160108448,
		"b": 0.00003555120036509265,
		"c": 0.00020699902795451357,
		"d": 0.0023029864127445242,
		"e": 0.015565304260667467,
		"f": 0.001117805267228737,
		"g": 0.0000718600393159219,
		"h": 0.000004504999046432312,
		"i": 0.011289149569083232,
		"j": 2.2794269444036848e-8,
		"k": 0.0003432976210949164,
		"l": 0.011445694139428045,
		"m": 0.00035670126317609047,
		"n": 0.00007676289036311588,
		"o": 0.007231316712508515,
		"p": 0.00030248310914669763,
		"q": 5.825727471979484e-8,
		"r": 0.0002380360128930694,
		"s": 0.0013692552202660096,
		"t": 0.002124309154328498,
		"u": 0.0025588879261817,
		"v": 0.0006434129793494012,
		"w": 0.0002671799248272123,